id,sender_account,recipient_account,amount,encrypted_data,transaction_key
1,1234567890,2345678901,50.0,GXD/5jDjs9W+rhf4+4JLMIYbRJKaC+gwftpmdcLpXHo=,73321099
1,1234567890,2345678901,50.0,HsbPQU3w5qfzs+cLCR8jp/1H3bF7GjqrB0FhiYA+fsM=,72850450
3,1234567890,2345678901,50.0,IKHcAzrVwQ9KAS5/Ks4YdNWjXQIzczBPvUO9D++I4s4=,84700889
4,1234567890,2345678901,50.0,SOrh/TJ6uZRBA6swnTBjeQ7a5MKviXXKwbIO74lAvFA=,39043249
5,1234567890,2345678901,50.0,Lq744Hf9mVcfy+P6PGCOvPn5wmpgin/ndytqzdPBH+c=,39870123
6,1234567890,2345678901,500.0,+H3s4jcwwD2MQMJ9fWinXIC3ZxTqEGlmySKBXdc11/o=,25399236
7,1234567890,2345678901,500.0,5MNjwkTPrWnbu1V2x+3FfBJ+aRY3q5PFICl0Yug+uEc=,39669452
8,1234567890,2345678901,500.0,vIRtx0WNbRvXtBtzarNTvFEQfpDGDGHVCmjsbMBJgsM=,77244603
9,1234567890,2345678901,500.0,Mmleg7JuwUCbw2HzYsHV8z/QWxp9FZQp0vDPoylRRHo=,11082108
10,1234567890,2345678901,500.0,cdrGLJaoItG3p46vOydLHGPaxkXSZYHlt1s+WoW+QL8=,71324629
11,1234567890,2345678901,500.0,/jWNIbgjJq1hwq5oht8bv0ZdCoYhpR8L/gK9ILKtC44=,80800298
12,1234567890,2345678901,500.0,mdHl9Yg1kjw63HR3oHSL4odOg9BHbjLG158xMn1fQuc=,86158801
13,1234567890,2345678901,100.0,f/rr4GCudCLNawk0Ly7oOxSc5/jh3tOC2XtYlL6MbWA=,76175581
14,1234567890,2345678901,100.0,jNPRNl34u2fYFtRBB5S9y34Gy8azMCwsExMdduH1Alw=,47327768
15,2345678901,1234567890,800.0,u1z3oTKpfBabCN9iq+9Gj+igc7NHnWaM2Z5nFQtuqfo=,13887479
16,1234567890,2345678901,200.0,WQ9Oqun4Jk2nOP/EGcXfq5HXPWx6C6laOxLDroX7S7k=,40343955
